-- phpMyAdmin SQL Dump
-- version 4.8.3
-- https://www.phpmyadmin.net/
--
-- Host: 127.0.0.1
-- 생성 시간: 19-07-22 13:12
-- 서버 버전: 10.1.36-MariaDB
-- PHP 버전: 7.2.10

SET SQL_MODE = "NO_AUTO_VALUE_ON_ZERO";
SET AUTOCOMMIT = 0;
START TRANSACTION;
SET time_zone = "+00:00";


/*!40101 SET @OLD_CHARACTER_SET_CLIENT=@@CHARACTER_SET_CLIENT */;
/*!40101 SET @OLD_CHARACTER_SET_RESULTS=@@CHARACTER_SET_RESULTS */;
/*!40101 SET @OLD_COLLATION_CONNECTION=@@COLLATION_CONNECTION */;
/*!40101 SET NAMES utf8mb4 */;

--
-- 데이터베이스: `busanmovie`
--

-- --------------------------------------------------------

--
-- 테이블 구조 `comment`
--

CREATE TABLE `comment` (
  `idx` int(11) NOT NULL,
  `midx` int(11) NOT NULL,
  `content` varchar(255) NOT NULL,
  `date` date NOT NULL,
  `movieCode` varchar(3) NOT NULL
) ENGINE=InnoDB DEFAULT CHARSET=utf8;

-- --------------------------------------------------------

--
-- 테이블 구조 `member`
--

CREATE TABLE `member` (
  `idx` int(11) NOT NULL,
  `id` varchar(255) NOT NULL,
  `pw` varchar(255) NOT NULL,
  `name` varchar(255) NOT NULL
) ENGINE=InnoDB DEFAULT CHARSET=utf8;

--
-- 테이블의 덤프 데이터 `member`
--

INSERT INTO `member` (`idx`, `id`, `pw`, `name`) VALUES
(1, 'test1', 'd52f6a944fc0a2cbbad290cddee0fbb865864326b1c7f159232ad18fb18f0b64', '가나다');

-- --------------------------------------------------------

--
-- 테이블 구조 `movie`
--

CREATE TABLE `movie` (
  `code` varchar(3) NOT NULL,
  `title` varchar(255) NOT NULL,
  `director` varchar(255) NOT NULL,
  `country` varchar(255) NOT NULL,
  `section` varchar(255) NOT NULL,
  `posterImage` varchar(255) NOT NULL,
  `runningTime` int(11) NOT NULL
) ENGINE=InnoDB DEFAULT CHARSET=utf8;

--
-- 테이블의 덤프 데이터 `movie`
--

INSERT INTO `movie` (`code`, `title`, `director`, `country`, `section`, `posterImage`, `runningTime`) VALUES
('001', '유리정원 / Glass Garden', '신수원/Suwon SHIN', 'Korea', '개폐막작 - 개막작', '1503574072.jpg', 117),
('002', '희망의 건너편 / The Other Side of Hope', '아키 카우리스마키/Aki KAURISMAKI', 'Finland/Germany', '월드 시네마', '1504253746.jpg', 98),
('003', '스위트 컨트리 / Sweet Country', '워릭 토턴/Warwick THORNTON', 'Australia', '월드 시네마', '1504243580.jpg', 113),
('004', '오늘밤 사자는 잠든다 / The Lion Sleeps Tonight', '스와 노부히로/Nobuhiro SUWA', 'Japan/France', '월드 시네마', '1503935411.jpg', 103),
('005', '아홉 개의 손가락 / 9 Fingers', 'F.J. 오상/F.J. OSSANG', 'France/Portugal', '월드 시네마', '1503883717.jpg', 99),
('006', '어디로 가십니까 / Directions', '스테판 코만다레프/Stephan KOMANDAREV', 'Bulgaria/Germany/Macedonia', '월드 시네마', '1504098522.jpg', 103),
('007', '젠틀 크리처 / A Gentle Creature', '세르게이 로즈니차/Sergei LOZNITSA', 'France/Germany/Netherlands/Lithuania', '월드 시네마', '1505808378.jpg', 143),
('008', '러브리스 / Loveless', '안드레이 즈비아긴체프/Andrey ZVYAGINTSEV', 'Russia/France/Belgium/Germany', '월드 시네마', '1505279839.jpg', 127),
('009', '포큐파인 호수 / Porcupine Lake', '잉그리드 베닌거/Ingrid VENINGER', 'Canada', '월드 시네마', '1502812640.jpg', 84),
('010', '나의 마지막 수트 / The Last Suit', '파블로 솔라즈/Pablo SOLARZ', 'Argentina/Spain', '월드 시네마', '1502983612.jpg', 93),
('011', '판타스틱 우먼 / A Fantastic Woman', '세바스티안 렐리오/Sebastian LELIO', 'Chile', '월드 시네마', '1504506588.jpg', 104),
('012', '자마 / Zama', '루크레시아 마르텔/Lucrecia MARTELㅋ', 'Argentina', '월드 시네마', '1504875124.jpg', 115),
('013', '플로리다 프로젝트 / The Florida Project', '션 베이커/Sean BAKER', 'United States', '월드 시네마', '1504536523.jpg', 111),
('014', '다운사이징 / Downsizing', '알렉산더 페인/Alexander PAYNE', 'United States', '월드 시네마', '1503389871.jpg', 135),
('015', '호주의 날 / Australia Day', '크리브 스텐더스/Kriv STENDERS', 'Australia', '월드 시네마', '1505181597.jpg', 98),
('016', '오케스트라 클래스 / Orchestra Class', '라시드 하미/Rachid HAMI', 'France', '월드 시네마', '1503309535.jpg', 102),
('017', '볼루빌리스 / Volubilis', '파우지 벤사이디/Faouzi BENSAIDI', 'Morocco/France/Qatar', '월드 시네마', '1505301073.jpg', 106),
('018', '비욘드 리버 / Beyond the River', '크레이그 프라이먼드/Craig FREIMOND', 'South Africa', '월드 시네마', '1505807381.jpg', 112),
('019', '프로스트 / Frost', '샤루나스 바르타스/Sharunas BARTAS', 'Lithuania/France/Poland/Ukraine', '월드 시네마', '1505296464.jpg', 120),
('020', '주피터스 문 / Jupiter’s Moon', '코르넬 문드럭초/Kornel MUNDRUCZO', 'Hungary/Germany', '월드 시네마', '1504314952.jpg', 128),
('021', '고해 / The Confession', '자자 우루샤제/Zaza URUSHADZE', 'Georgia/Estonia', '월드 시네마', '1502444725.jpg', 89),
('022', '굿 매너스 / Good Manners', '줄리아나 호헤스,마르코 두트라/Juliana ROJAS,Marco DUTRA', 'Brazil/France', '월드 시네마', '1502447857.jpg', 135),
('023', '에이프릴의 딸 / April’s Daughter', '미셸 프랑코/Michel FRANCO', 'Mexico', '월드 시네마', '1502901983.jpg', 103),
('024', '세르지오 앤 세르게이 / Sergio & Sergei', '에르네스토 다라나스/Ernesto DARANAS', 'Cuba/Spain', '월드 시네마', '1502808013.jpg', 93),
('025', '원더스트럭 / Wonderstruck', '토드 헤인즈/Todd HAYNES', 'United States', '월드 시네마', '1504264385.jpg', 117),
('026', '호첼라가, 영혼의 국가 / Hochelaga, Land of Souls', '프랑수아 지라르/Francois GIRARD', 'Canada', '월드 시네마', '1504840130.jpg', 100),
('027', '렛 더 선샤인 인 / Let the Sunshine In', '클레르 드니/Claire DENIS', 'France', '월드 시네마', '1503642849.jpg', 94),
('028', '작은 독립영화사의 흥망성쇠 / Rise and Fall of a Small Film Company', '장-뤽 고다르/Jean-Luc GODARD', 'France/Switzerland', '월드 시네마', '1505808937.jpg', 92),
('029', '레인보우: 나의 전쟁 / Rainbow - A Private Affair', '파올로 타비아니/Paolo TAVIANI', 'Italy/France', '월드 시네마', '1503914789.jpg', 85),
('030', '그리움 / Longing', '사비 가비존/Savi GABIZON', 'Israel', '월드 시네마', '1502362423.jpg', 103),
('031', '균형 / Equilibrium', '빈첸조 마라/Vincenzo MARRA', 'Italy', '월드 시네마', '1504667132.jpg', 90),
('032', '희대의 사기 / Carbon', '올리비에 마샬/Olivier MARCHAL', 'France', '월드 시네마', '1504573204.jpg', 104),
('033', '유포리아 / Euphoria', '리사 랑세트/Lisa LANGSETH', 'Sweden/Germany', '월드 시네마', '1505808129.jpg', 98),
('034', '어떤 작가 / The Motive', '마누엘 마틴 쿠엔카/Manuel MARTIN CUENCA', 'Spain', '월드 시네마', '1504099022.jpg', 112),
('035', '우리 사이의 거대한 산 / The Mountain Between Us', '하니 아부-아사드/Hany ABU-ASSAD', 'United States', '월드 시네마', '1504096500.jpg', 109),
('036', '빌리 진 킹: 세기의 대결 / Battle of the Sexes', '조나단 데이턴,발레리 페리스/Jonathan DAYTON,Valerie FARIS', 'United States', '월드 시네마', '1503647939.jpg', 121),
('037', '빅토리아 & 압둘 / Victoria & Abdul', '스티븐 프리어즈/Stephen FREARS', 'United Kingdom', '월드 시네마', '1500001071.jpg', 112),
('038', '인 더 페이드 / In the Fade', '파티 아킨/Fatih AKIN', 'Germany/France', '월드 시네마', '1504751896.jpg', 106),
('039', '다이빙 / Diving', '멜라니 로랑/Melanie LAURENT', 'France', '월드 시네마', '1505807609.jpg', 102),
('040', '잔 다르크의 어린 시절 / Jeannette: The Childhood of Joan of Arc', '브루노 뒤몽/Bruno DUMONT', 'France', '월드 시네마', '1500527111.jpg', 106),
('041', '새벽의 약속 / Promise at Dawn', '에릭 바르비에/Eric BARBIER', 'France/Belgium', '월드 시네마', '1505264954.jpg', 130),
('042', '레저 시커 / The Leisure Seeker', '파올로 비르지/Paolo VIRZI', 'United States/France/Italy', '월드 시네마', '1504791873.jpg', 112),
('043', '독일이여, 잘 있거라 / Bye Bye Germany', '삼 가바스키/Sam GARBARSKI', 'Germany/Belgium/Luxembourg', '월드 시네마', '1501227203.jpg', 101),
('044', '침입자 / The Intruder', '레오나르도 디 코스탄초/Leonardo DI COSTANZO', 'Italy/Switzerland/France', '월드 시네마', '1501226399.jpg', 95),
('045', '더 스퀘어 / The Square', '루벤 외스틀룬드/Ruben OSTLUND', 'Sweden/Germany/France/Denmark', '월드 시네마', '1501553845.jpg', 142),
('046', '핑퐁 더 애니메이션 / Ping Pong The Animation', '유아사 마사아키/Masaaki YUASA', 'Japan', '와이드 앵글 - 애니메이션 쇼케이스', '1504839057.jpg', 23),
('047', '다다미 넉 장 반 세계일주 / The Tatami Galaxy', '유아사 마사아키/Masaaki YUASA', 'Japan', '와이드 앵글 - 애니메이션 쇼케이스', '1504839142.jpg', 23),
('048', '내 안의 블루스 / i\'ve got the blues', '앤지 첸/Angie CHEN', 'Hong Kong, China/France', '와이드 앵글 - 다큐멘터리 쇼케이스', '1504225831.jpg', 90),
('049', '시대불화 / I\'ve Got a Little Problem', '장시밍/Ximing ZHANG', 'China', '와이드 앵글 - 다큐멘터리 경쟁', '1504141242.jpg', 44),
('050', '블러드 앰버 / Blood Amber', '리용차오/Yong Chao LEE', 'Taiwan/Myanmar', '와이드 앵글 - 다큐멘터리 쇼케이스', '1504090112.jpg', 96),
('051', '수도원 아이들 / A Little Wisdom', '강우기/Yuqi KANG', 'Nepal/Canada/China', '와이드 앵글 - 다큐멘터리 쇼케이스', '1504147933.jpg', 92),
('052', '굿바이 마이 러브 NK / Goodbye My Love North Korea', '김소영/Soyoung KIM', 'Korea', '와이드 앵글 - 다큐멘터리 쇼케이스', '1503970102.jpg', 89),
('053', '이달의 우수사원 / Jodilerks Dela Cruz, Employee of the Month​', '카를로 프란시스코 마나타드/Carlo Francisco MANATAD', 'Philippines/Singapore', '와이드 앵글 - 단편 쇼케이스', '1504331206.jpg', 13),
('054', '환상 / Myth', '하오팡웨이/Fang-Wei HAO', 'Taiwan', '와이드 앵글 - 아시아단편 경쟁', '1505121744.jpg', 23),
('055', '이산자 / After Chosun', '문정현/Jeonghyun MUN', 'Korea', '와이드 앵글 - 다큐멘터리 쇼케이스', '1503757560.jpg', 110),
('056', '아파트 생태계 / Ecology in Concrete', '정재은/Jae-eun JEONG', 'Korea', '와이드 앵글 - 다큐멘터리 쇼케이스', '1503754966.jpg', 80),
('057', '해피니스 로드 / On Happiness Road', '성신잉/Hsin-Yin SUNG', 'Taiwan', '와이드 앵글 - 애니메이션 쇼케이스', '1504066748.jpg', 111),
('058', '신이 된 배우: 베흐루즈 / Behrouz: A Legend on Screen', '세페흐르 미카일리안/Sepehr MIKAEILIAN', 'United States', '와이드 앵글 - 다큐멘터리 쇼케이스', '1504125881.jpg', 86),
('059', '레터스 / Letters', '윤재호,마르테 볼/Jero YUN,Marte VOLD', 'Korea/Norway', '와이드 앵글 - 다큐멘터리 경쟁', '1503542694.jpg', 73),
('060', '환생 / REBORN', '임흥순/Heungsoon IM', 'Korea', '와이드 앵글 - 다큐멘터리 경쟁', '1503554403.jpg', 95),
('061', '새벽을 알리는 루의 노래 / Lu over the wall', '유아사 마사아키/Masaaki YUASA', 'Japan', '와이드 앵글 - 애니메이션 쇼케이스', '1503384182.jpg', 112),
('062', '밤은 짧아 걸어 아가씨야 / Night is Short, Walk On Girl', '유아사 마사아키/Masaaki YUASA', 'Japan', '와이드 앵글 - 애니메이션 쇼케이스', '1503382118.jpg', 93),
('063', '사라진 시간들 / Where Has Time Gone?', '월터 살레스,알렉세이 페도르첸코,마두르 반다카르,지아장커,자밀 X.T. 쿠베카/Walter SALLES,Alexey FEDORCHENKO,Madhur BHANDARKAR,Zhangke JIA,Jahmil X.T. QUBEKA', 'China/Brazil/Russia/India/South Africa', '와이드 앵글 - 단편 쇼케이스', '1502942449.jpg', 110),
('064', '미세스 팡 / Mrs. Fang', '왕빙/Bing WANG', 'Hong Kong, China/France/Germany', '와이드 앵글 - 다큐멘터리 쇼케이스', '1503083377.jpg', 86),
('065', '두리안 두리안 / Chronicle of a Durian', '양샤오/Xiao YANG', 'China', '와이드 앵글 - 아시아단편 경쟁', '1503024338.jpg', 18),
('066', '사랑보다 위대한 / A Feeling Greater Than Love', '메리 저마누스 사바/Mary JIRMANUS SABA', 'Lebanon', '와이드 앵글 - 다큐멘터리 쇼케이스', '1503469737.jpg', 93),
('067', '뉴욕 라이브러리에서 / Ex Libris: New York Public Library', '프레데릭 와이즈먼/Frederick WISEMAN', 'United States', '와이드 앵글 - 다큐멘터리 쇼케이스', '1504229827.jpg', 160),
('068', '밤세와 마녀의 딸 / Bamse and the Witch′s Daughter', '크리스티안 릴테니우스/Christian RYLTENIUS', 'Sweden', '와이드 앵글 - 시네키즈', '1504878929.jpg', 65),
('069', '마칼라 / Makala', '엠마누엘 그라스/Emmanuel GRAS', 'France', '와이드 앵글 - 다큐멘터리 쇼케이스', '1503912262.jpg', 96),
('070', '후고 / Hugo', '보이치에흐 클리마와/Wojciech KLIMALA', 'Poland', '와이드 앵글 - 다큐멘터리 쇼케이스', '1503926499.jpg', 77),
('071', '마운틴 / Mountain', '제니퍼 피돔/Jennifer PEEDOM', 'Australia', '와이드 앵글 - 다큐멘터리 쇼케이스', '1504272395.jpg', 74),
('072', '브라기노 / Braguino', '클레망 코지토르/Clement COGITORE', 'France', '와이드 앵글 - 단편 쇼케이스', '1503055220.jpg', 49),
('073', '소성리 / Soseongri', '박배일/Baeil PARK', 'Korea', '와이드 앵글 - 다큐멘터리 경쟁', '1503763431.jpg', 89),
('074', '메리와 마녀의 꽃 / Mary and The Witch\'s Flower', '요네바야시 히로마사/Hiromasa YONEBAYASHI', 'Japan', '와이드 앵글 - 애니메이션 쇼케이스', '1504685250.jpg', 103),
('075', '국가에 대한 예의 / Courtesy to the Nation', '권경원/Gyungwon GWON', 'Korea', '와이드 앵글 - 다큐멘터리 쇼케이스', '1504084467.jpg', 90),
('076', '말해의 사계절 / The Whispering Trees', '허철녕/Chulnyung HEO', 'Korea', '와이드 앵글 - 다큐멘터리 경쟁', '1503387529.jpg', 107),
('077', '캄보디아의 봄 / A Cambodian Spring', '크리스 켈리/Chris KELLY', 'Cambodia/United Kingdom/Ireland/Canada', '와이드 앵글 - 다큐멘터리 쇼케이스', '1504057259.jpg', 126),
('078', '하동채복: 두 사람의 노래 / Ha Dong Chae Bok: A Song of Two Humans', '남승석/Seungsuk NAM', 'Korea', '와이드 앵글 - 다큐멘터리 경쟁', '1504576137.jpg', 105),
('079', '열정: 옐로우 몽키 밴드 이야기 / Vibration: THE YELLOW MONKEY', '마츠나가 다이시/Daishi MATSUNAGA', 'Japan', '와이드 앵글 - 다큐멘터리 쇼케이스', '1502415810.jpg', 125),
('080', '센난 석면 피해 배상소송 / Sennan Asbestos Disaster', '하라 카즈오/Kazuo HARA', 'Japan', '와이드 앵글 - 다큐멘터리 경쟁', '1501462498.jpg', 160),
('081', '탈링은 내 운명 / Tarling is Darling', '이스마일 파미 루비스/Ismail Fahmi LUBIS', 'Indonesia', '와이드 앵글 - 다큐멘터리 경쟁', '1504148474.jpg', 114),
('082', '자유인 / A Free Man', '안드레아스 하트만/Andreas HARTMANN', 'Germany/Japan', '와이드 앵글 - 다큐멘터리 쇼케이스', '1503968842.jpg', 75),
('083', '더 워크 / The Work', '게딘 알더스,제이러스 맥리어리/Gethin ALDOUS,Jairus MCLEARY', 'United States', '와이드 앵글 - 다큐멘터리 쇼케이스', '1500453390.jpg', 87),
('084', '조용한 밤 / A Gentle Night', '치우양/Yang QIU', 'China', '와이드 앵글 - 단편 쇼케이스', '1500729570.jpg', 15),
('085', '해브 어 나이스 데이 / Have a Nice Day', '리우지엔/Jian LIU', 'China', '와이드 앵글 - 애니메이션 쇼케이스', '1500265982.jpg', 77),
('086', '667 / 667', '리아오 지에카이,허슈밍,총준,커스텐 탄,에바 탕/Jiekai LIAO,Shuming HE,Jun CHONG,Kirsten TAN,Eva TANG', 'Singapore', '와이드 앵글 - 단편 쇼케이스', '1503223227.jpg', 80),
('087', '테헤란 타부 / Tehran Taboo', '알리 수잔데/Ali SOOZANDEH', 'Austria/Germany', '와이드 앵글 - 애니메이션 쇼케이스', '1499926877.jpg', 96),
('088', '릴라의 책 / Lila′s Book', '마르셀라 링콘 곤잘레스/Marcela RINCON GONZALEZ', 'Colombia/Uruguay', '와이드 앵글 - 시네키즈', '1505179153.jpg', 76),
('089', '혼란 / Tshweesh', '페이로즈 세르할/Feyrouz SERHAL', 'Lebanon/Germany/Spain/Qatar', '와이드 앵글 - 단편 쇼케이스', '1503929258.jpg', 26),
('090', '눈싸움 / Gaze', '파누쉬 사마디/Farnoosh SAMADI', 'Iran/Italy', '와이드 앵글 - 단편 쇼케이스', '1504637541.jpg', 15),
('091', '그녀에게 다가가는 날 / The Day I Am Gonna Come', '홍쳉/Cheng HONG', 'China', '와이드 앵글 - 아시아단편 경쟁', '1503675178.jpg', 17),
('092', '두 형제 / Two Brothers', '라그비르 싱/Raghbir SINGH', 'India', '와이드 앵글 - 아시아단편 경쟁', '1504003057.jpg', 20),
('093', '사운드맨의 죽음 / Death of the Sound Man', '소라요스 프라파판/Sorayos PRAPAPAN', 'Thailand/Myanmar', '와이드 앵글 - 단편 쇼케이스', '1504243605.jpg', 16),
('094', '길 위에서 / The Road', '아라시 카야탄/Arash KHAYATAN', 'Iran', '와이드 앵글 - 아시아단편 경쟁', '1503907963.jpg', 18),
('095', '집으로 가는 길 / I Want To Go Home', '웨슬리 레온 아루주/Wesley Leon AROOZOO', 'Singapore/Japan', '와이드 앵글 - 다큐멘터리 경쟁', '1504015826.png', 60),
('096', '나기사 / NAGISA', '고가하라 다케시/Takeshi KOGAHARA', 'Japan', '와이드 앵글 - 아시아단편 경쟁', '1503995339.jpg', 18),
('097', '맨헌트 / Manhunt', '오우삼/John WOO', 'Hong Kong, China/China', '갈라 프레젠테이션', '1505379420.jpg', 111),
('098', '세 번째 살인 / The Third Murder', '고레에다 히로카즈/Hirokazu KORE-EDA', 'Japan', '갈라 프레젠테이션', '1504678723.jpg', 124),
('099', '나비잠 / Butterfly Sleep', '정재은/Jae-eun JEONG', 'Korea/Japan', '갈라 프레젠테이션', '1504323806.jpg', 110),
('100', '나라타주 / Narratage', '유키사다 이사오/Isao YUKISADA', 'Japan', '갈라 프레젠테이션', '1503637517.jpg', 140),
('101', '마더! / Mother!', '대런 아로노프스키/Darren ARONOFSKY', 'United States', '갈라 프레젠테이션', '1503368757.jpg', 121),
('102', '불멸의 검 / Blade of the Immortal', '미이케 다카시/Takashi MIIKE', 'Japan/United Kingdom', '아시아 영화의 창', '1505211025.jpg', 140),
('103', '빛나는 / Radiance', '가와세 나오미/Naomi KAWASE', 'Japan/France', '아시아 영화의 창', '1504670850.jpg', 101),
('104', '산책하는 침략자 / Before We Vanish', '구로사와 기요시/Kiyoshi KUROSAWA', 'Japan', '아시아 영화의 창', '1504660140.jpg', 129),
('105', '파피, 헐리우드 가다 / Poppy Goes to Hollywood Redux', '비살 속/Visal SOK', 'Cambodia', '아시아 영화의 창', '1504080083.jpg', 93),
('106', '혼자 / Alone', '아칸 사타예브/Akan SATAYEV', 'Kazakhstan', '아시아 영화의 창', '1504141801.jpg', 64),
('107', '바후발리: 컨클루전 / Baahubali: The Conclusion', 'S.S. 라자몰리/S.S. RAJAMOULI', 'India', '아시아 영화의 창', '1505521644.jpg', 160),
('108', '폐허 / The Decaying', '소니 칼벤토/Sonny CALVENTO', 'Philippines', '아시아 영화의 창', '1503595474.jpg', 95),
('109', '아름다운 별 / A Beautiful Star', '요시다 다이하치/Daihachi YOSHIDA', 'Japan', '아시아 영화의 창', '1503644081.jpg', 127),
('110', '대담하거나, 타락하거나, 아름다운 / The Bold, The Corrupt And The Beautiful', '양야체/Ya-Che YANG', 'Taiwan', '아시아 영화의 창', '1503920422.jpg', 112),
('111', '재 / Ash', '리샤오펑/Xiaofeng LI', 'China', '아시아 영화의 창', '1503589970.jpg', 114),
('112', '마릴라: 이별의 꽃 / Malila: The Farewell Flower', '아누차 분야와타나/Anucha BOONYAWATANA', 'Thailand', '아시아 영화의 창', '1505269611.jpg', 94),
('113', '보이는 것과 보이지 않는 것 / The Seen and Unseen', '카밀라 안디니/Kamila ANDINI', 'Indonesia/Netherlands/Australia/Qatar', '아시아 영화의 창', '1503214612.jpg', 83),
('114', '나미야 잡화점의 기적 / The Miracles of the Namiya General Store', '히로키 류이치/Ryuichi HIROKI', 'Japan', '아시아 영화의 창', '1505441295.jpg', 130),
('115', '금구모궐 / The Scythian Lamb', '요시다 다이하치/Daihachi YOSHIDA', 'Japan', '아시아 영화의 창', '1503309798.jpg', 126),
('116', '오메르타 / Omerta', '한살 메흐타/Hansal MEHTA', ' India', '아시아 영화의 창', '1505396802.jpg', 96),
('117', '피젼 탱고 / Pigeon Tango', '리치유안/Chi Yuarn LEE', 'Taiwan', '아시아 영화의 창', '1502806680.jpg', 108),
('118', '장미빛 사랑은 없다 / No Bed Of Roses', '모스토파 사르와르 파루키/Mostofa Sarwar FAROOKI', ' Bangladesh/India', '아시아 영화의 창', '1505521644.jpg', 86),
('119', '거리의 싸움꾼 / The Brawler', '아누락 카시압/Anurag KASHYAP', 'India', '아시아 영화의 창', '1504161022.jpg', 153),
('120', '와지브 / Wajib', '안느마리 자시르/Annemarie JACIR', 'Palestine/Qatar/France/Germany/Norway/Colombia/United Arab Emirates', '아시아 영화의 창', '1502981923.jpg', 96),
('121', '이름없는 새 / Birds without Names', '시라이시 카즈야/Kazuya SHIRAISHI', 'Japan', '아시아 영화의 창', '1504251509.jpg', 124),
('122', '디자이너 / The Tailor', '트란 부 록,카이 응우옌/Buu Loc TRAN,Kay NGUYEN', 'Vietnam', '아시아 영화의 창', '1502967322.jpg', 100),
('123', '사무이의 노래 / Samui Song', '펜엑 라타나루앙/Pen-ek RATANARUANG', 'Thailand/Germany/Norway', '아시아 영화의 창', '1502803036.jpg', 108),
('124', '그 남자, 류타로 / Sweating the Small Stuff', '니노미야 류타로/Ryutaro NINOMIYA', 'Japan', '아시아 영화의 창', '1502864831.jpg', 114),
('125', '고요한 안개 / Silent Mist', '장먀오옌/Miaoyan ZHANG', 'China/France', '아시아 영화의 창', '1502558531.jpg', 101),
('126', '바다뱀 / Sea Serpent', '조셉 이스라엘 라반/Joseph Israel LABAN', 'Philippines', '아시아 영화의 창', '1504744923.jpg', 93),
('127', '구름 너머 / Beyond the Clouds', '마지드 마지디/Majid MAJIDI', 'India', '아시아 영화의 창', '1503627215.jpg', 120),
('128', '대통령에게 보내는 편지 / A Letter to the President​', '로야 사다트/Roya SADAT', 'Afghanistan', '아시아 영화의 창', '1504010562.jpg', 83),
('129', '아웃레이지 파이널 / Outrage Coda', '기타노 다케시/Takeshi KITANO', 'Japan', '아시아 영화의 창', '1504700566.jpg', 104),
('130', '인설트 / The Insult', '지아드 두에리/Ziad DOUEIRI', 'Lebanon/France', '아시아 영화의 창', '1503074974.jpg', 112),
('131', '집념의 남자 / A Man of Integrity', '모함마드 라술로프/Mohammad RASOULOF', 'Iran', '아시아 영화의 창', '1504764423.jpg', 117),
('132', '잠자리의 눈 / Dragonfly Eyes', '쉬빙/Bing XU', 'China', '아시아 영화의 창', '1503567386.jpg', 81),
('133', '동물원 / ZOO', '쉬록 샤르마/Shlok SHARMA', 'India', '아시아 영화의 창', '1503698245.jpg', 95),
('134', '신원불상 / No Date, No Signature', '바히드 잘릴반드/Vahid JALILVAND', 'Iran', '아시아 영화의 창', '1503495565.jpg', 104),
('135', '황야 / Wilderness', '키시 요시유키/Yoshiyuki KISHI', 'Japan', '아시아 영화의 창', '1502342270.jpg', 160),
('136', '수춘도 2: 수라전장 / Brotherhood of Blades II: The Infernal Battlefield', '루양/Yang LU', 'China', '아시아 영화의 창', '1504699716.jpg', 120),
('137', '그날은 오리라 / Our Time Will Come', '허안화/Ann HUI', 'China/Hong Kong, China', '아시아 영화의 창', '1501744732.jpg', 131),
('138', '대불+ / The Great Buddha+', '후앙신야오/Hsin-Yao HUANG', 'Taiwan', '아시아 영화의 창', '1502616692.jpg', 104),
('139', '조니를 찾아서 / Missing Johnny', '후앙시/Xi HUANG', 'Taiwan', '아시아 영화의 창', '1501741674.jpg', 104),
('140', '앙가말리 사람들 / Angamaly Diaries', '리조 조세 펠리세리/Lijo Jose PELLISSERY', 'India', '아시아 영화의 창', '1503647765.jpg', 132),
('141', '기차역 / The Journey', '모하메드 알 다라지/Mohamed AL DARADJI', 'Iraq/United Kingdom/Netherlands/France/Qatar', '아시아 영화의 창', '1503389113.jpg', 82),
('142', '살인자 말리나의 4막극 / Marlina the Murderer in Four Acts', '몰리 수리야/Mouly SURYA', 'Indonesia/France/Malaysia/Thailand', '아시아 영화의 창', '1500615498.jpg', 95),
('143', '긴 머리 그녀들의 밤외출 / Those Long Haired Nights', '제라르도 칼라구이/Gerardo CALAGUI', 'Philippines', '아시아 영화의 창', '1500563512.jpg', 72),
('144', '링사이드 스토리 / The Ringside Story', '다케 마사하루/Masaharu TAKE', 'Japan', '아시아 영화의 창', '1504589182.jpg', 104),
('145', '무나비아 / Munabia', '탈라이벡 쿨멘데브/Taalaibek KULMENDEEV', 'Kyrgyzstan', '아시아 영화의 창', '1503222749.jpg', 71),
('146', '그들이 진심으로 엮을 때 / Close-knit', '오기가미 나오코/Naoko OGIGAMI', 'Japan', '아시아 영화의 창', '1500951185.jpg', 127),
('147', '뽀빠이 / Pop Aye', '커스텐 탄/Kirsten TAN', 'Singapore/Thailand', '아시아 영화의 창', '1501745827.jpg', 104),
('148', '그녀의 인생은 잘못이 없어 / Side Job.', '히로키 류이치/Ryuichi HIROKI', 'Japan', '아시아 영화의 창', '1503643786.jpg', 120),
('149', '도쿄의 밤하늘은 항상 가장 짙은 블루 / The Tokyo Night Sky Is Always the Densest Shade of Blue', '이시이 유야/Yuya ISHII', 'Japan', '아시아 영화의 창', '1501557605.jpg', 108),
('150', '미래로 걸어가다 / Walking Past the Future', '리뤼준/Ruijun LI', 'China/Hong Kong, China', '아시아 영화의 창', '1500265393.jpg', 128),
('151', '어둠 속에서 / In the Shadows', '디페쉬 자인/Dipesh JAIN', 'India/United Kingdom/Germany', '아시아 영화의 창', '1503604653.jpg', 117),
('152', '선창에서 보낸 하룻밤 / One Night on the Wharf', '한동/Dong HAN', 'China', '뉴 커런츠', '1503846622.jpg', 97),
('153', '여름의 끝 / End of Summer', '조우취엔/Quan ZHOU', 'China', '뉴 커런츠', '1502871827.jpg', 102),
('154', '폐색 / Blockage', '모흐센 가라에이/Mohsen GHARAEI', 'Iran', '뉴 커런츠', '1503836617.jpg', 82),
('155', '쪽빛 하늘 / Somewhere Beyond the Mist', '청킹와이/King Wai CHEUNG', 'Hong Kong, China', '뉴 커런츠', '1502437353.jpg', 86),
('156', '아슈와타마-말이 울부짖을 때 / Ashwatthama', '푸시펜드라 싱/Pushpendra SINGH', 'India/Korea', '뉴 커런츠', '1502727319.jpg', 120),
('157', '살아남은 아이 / Last Child', '신동석/Dongseok SHIN', 'Korea', '뉴 커런츠', '1505309630.jpg', 123),
('158', '죄 많은 소녀 / After My Death', '김의석/Uiseok KIM', 'Korea', '뉴 커런츠', '1502945952.jpg', 113),
('159', '물속에서 숨 쉬는 법 / How to Breathe Underwater', '고현석/Hyunseok KO', 'Korea', '뉴 커런츠', '1502459871.jpg', 96),
('160', '마지막 구절 / The Last Verse', '셍잉팅/Ying-Ting TSENG', 'Taiwan', '뉴 커런츠', '1502960703.jpg', 100),
('161', '로쿠로쿠 / ROKUROKU: The Promise of the Witch', '야마구치 유다이/Yudai YAMAGUCHI', 'Japan', '미드나잇 패션', '1503898208.jpg', 92),
('162', '도쿄 흡혈 호텔 / TOKYO VAMPIRE HOTEL', '소노 시온/Sion SONO', 'Japan', '미드나잇 패션', '1505349697.jpg', 142),
('163', '더 브링크 / The Brink', '조나단 리/Jonathan LI', 'Hong Kong, China', '미드나잇 패션', '1504086384.jpg', 100),
('164', '파라독스 / Paradox', '엽위신/Wai Shun YIP', 'Hong Kong, China', '미드나잇 패션', '1505441693.jpg', 100),
('165', '귀신 이야기 / Ghost Stories', '앤디 나이맨,제레미 다이슨/Andy NYMAN,Jeremy Dyson', 'United Kingdom', '미드나잇 패션', '1504923071.jpg', 96),
('166', '사정거리 / Downrange', '키타무라 류헤이/Ryuhei KITAMURA', 'Japan/United States', '미드나잇 패션', '1500325458.jpg', 90),
('167', '스위트 버지니아 / Sweet Virginia', '제이미 M. 대그/Jamie M. DAGG', 'United States/Canada', '미드나잇 패션', '1500861373.jpg', 95),
('168', '메이헴 / Mayhem', '조 린치/Joe LYNCH', 'United States', '미드나잇 패션', '1505438884.jpg', 86),
('169', '파트너 오브 좀비 / It Stains the Sands Red', '콜린 미니한/Colin MINIHAN', 'United States', '미드나잇 패션', '1503363465.jpg', 92),
('170', '나는 마녀가 아니다 / I Am Not a Witch', '룬가노 뇨니/Rungano NYONI', 'United Kingdom/France', '플래시 포워드', '1505182228.jpg', 95),
('171', '마누엘 / Manuel', '다리오 알베르티니/Dario ALBERTINI', 'Italy', '플래시 포워드', '1503929091.jpg', 97),
('172', '오카포의 법칙 / Okafor′s Law', '오모니 오볼리/Omoni OBOLI', 'Nigeria', '플래시 포워드', '1504877965.jpg', 112),
('173', '작은 십자군 / Little Crusader', '바츨라프 카드른카/Vaclav KADRNKA', 'Czech Republic/Slovak Republic/Italy', '플래시 포워드', '1503053596.jpg', 90),
('174', '전사. 페렌타리 이야기 / Soldiers. Story from Ferentari', '이바나 믈라데노비크/Ivana MLADENOVIC', 'Romania/Serbia/Belgium', '플래시 포워드', '1503317369.jpg', 119),
('175', '비올레타, 결국은 / Violeta at Last', '일다 이달고/Hilda HIDALGO', 'Costa Rica/Mexico', '플래시 포워드', '1504687841.jpg', 85),
('176', '나의 세계 / Home Team', '카를로스 모렐리/Carlos MORELLI', 'Uruguay/Argentina/Brazil', '플래시 포워드', '1504228908.jpg', 102),
('177', '증언 / The Testament', '아미차이 그린버그/Amichai GREENBERG', 'Israel/Austria', '플래시 포워드', '1503364265.jpg', 94),
('178', '고독 / Never Steady, Never Still', '캐슬린 헵번/Kathleen HEPBURN', 'Canada', '플래시 포워드', '1503409428.jpg', 111),
('179', '바람이 머무는 자리 / Wind Traces', '히메나 몬테마요르/Jimena MONTEMAYOR', 'Mexico', '플래시 포워드', '1503800882.jpg', 91),
('180', '마법 상자를 가진 사나이 / The Man with the Magic Box', '보도 콕스/Bodo KOX', 'Poland/Italy', '플래시 포워드', '1503981533.jpg', 105),
('181', '심장소리 / Pulse', '/Stevie CRUZ-MARTIN', 'Australia', '플래시 포워드', '1504158930.jpg', 85),
('182', '가브리엘과 산 / Gabriel and the Mountain', '펠리페 가마라누 바르부아/Fellipe GAMARANO BARBOSA', 'Brazil/France', '플래시 포워드', '1503991984.jpg', 127),
('183', '남자는 울지 않는다 / Men Don’t Cry', '알렌 드리예비치/Alen DRLJEVI?', 'Bosnia and Herzegovina/Slovenia/Croatia/Germany', '플래시 포워드', '1502446684.jpg', 100),
('184', '머리 하나 귀 둘 / Head. Two Ears', '비탈리 수슬린/Vitaly SUSLIN', 'Russia', '플래시 포워드', '1505439175.jpg', 78),
('185', '동반자 / A Worthy Companion', '제이슨 산체즈,카를로스 산체즈/Jason SANCHEZ,Carlos SANCHEZ', 'Canada', '플래시 포워드', '1505521644.jpg', 105),
('186', '공장에는 아무것도 없다 / The Nothing Factory', '페드로 피뇨/Pedro PINHO', 'Portugal', '플래시 포워드', '1504835320.jpg', 160),
('187', '중독된 땅 / Veleno', '디에고 올리바레스/Diego OLIVARES', 'Italy', '플래시 포워드', '1502273705.jpg', 98),
('188', '겨울형제 / Winter Brothers', '힐누르 팔마손/Hlynur PALMASON', 'Denmark/Iceland', '플래시 포워드', '1502888219.jpg', 94),
('189', '까마귀 / Ravens', '얀스 아수르/Jens ASSUR', 'Sweden', '플래시 포워드', '1504881713.jpg', 107),
('190', '별자리 종파 / Under the Family Tree', '콘스탄제 크노체/Constanze KNOCHE', 'Germany/Poland', '플래시 포워드', '1503982935.jpg', 92),
('191', '인생 가이드 / Life Guidance', '루스 마더/Ruth MADER', 'Austria', '플래시 포워드', '1502957845.jpg', 101),
('192', '사막의 신부 / The Desert Bride', '세실리아 아탄,발레리아 피바토/Cecilia ATAN,Valeria PIVATO', 'Argentina/Chile', '플래시 포워드', '1500393303.jpg', 78),
('193', '톰 오브 핀란드 / Tom of Finland', '돔 카루코스키/Dome KARUKOSKI', 'Finland/United States', '플래시 포워드', '1501827299.jpg', 115),
('194', '1993년의 여름 / Summer 1993', '카를라 시몬/Carla SIMON', 'Spain', '플래시 포워드', '1503366336.jpg', 96),
('195', '골리앗 / Goliath', '도미니크 로셰/Dominik LOCHER', 'Switzerland', '플래시 포워드', '1503936988.jpg', 85),
('196', '조금만 더 / More', '오눌 사일락/Onur SAYLAK', 'Turkey', '플래시 포워드', '1504665106.jpg', 115),
('197', '그림자들이 지는 곳 / Where the Shadows Fall', '발렌티나 페디치니/Valentina PEDICINI', 'Italy', '플래시 포워드', '1504094426.jpg', 100),
('198', '망각의 시 / Oblivion Verses', '알리레자 하타미/Alireza KHATAMI', 'France/Germany/Netherlands/Chile', '플래시 포워드', '1503893981.jpg', 92),
('199', '미녀와 개자식들 / Beauty and the Dogs', '카우테르 벤 하니아/Kaouther BEN HANIA', 'Tunisia/France/Sweden/Norway/Lebanon/Qatar/Switzerland', '플래시 포워드', '1500978387.jpg', 100),
('200', '마르세유의 다섯 손가락 / Five Fingers for Marseilles', '마이클 매튜스/Michael MATTHEWS', 'South Africa', '플래시 포워드', '1501100200.jpg', 120),
('201', '신의 나라 / God’s Own Country', '프란시스 리/Francis LEE', 'United Kingdom', '플래시 포워드', '1505183286.jpg', 104),
('202', '위기의 파리지엔 / Montparnasse Bienvenüe', '레오노르 세라이/Leonor SERRAILLE', 'France', '플래시 포워드', '1499851975.jpg', 97),
('203', '셰이프 오브 워터: 사랑의 모양 / The Shape of Water', '길예르모 델 토로/Guillermo DEL TORO', 'United States', '오픈 시네마', '1504848476.jpg', 123),
('204', '당갈 / Dangal', '니테쉬 티와리/Nitesh TIWARI', 'India', '오픈 시네마', '1506332245.jpg', 160),
('205', '쏘아올린 불꽃, 밑에서 볼까? 옆에서 볼까? / Fireworks, Should We See It from the Side or the Bottom?', '신보 아키유키/Akiyuki SHIMBO', 'Japan', '오픈 시네마', '1503305781.jpg', 90),
('206', '너의 췌장을 먹고 싶어 / Let Me Eat Your Pancreas', '츠키카와 쇼/Sho TSUKIKAWA', 'Japan', '오픈 시네마', '1503382508.jpg', 115),
('207', '스테이션 7 / Salyut-7', '클림 시펜코/Klim SHIPENKO', 'Russia', '오픈 시네마', '1503920503.jpg', 119),
('208', '엄마와 올빼미 / Tomorrow and Thereafter', '노에미 르보브스키/Noemie LVOVSKY', 'France', '오픈 시네마', '1506690583.jpg', 96),
('209', '몬스터 파크 / Zombillenium', '아르튀르 드 팽,알렉시스 뒤코르/Arthur DE PINS,Alexis DUCORD', 'France/Belgium', '오픈 시네마', '1501856564.jpg', 80),
('210', '상애상친 / Love Education', '실비아 창/Sylvia CHANG', 'China/Taiwan', '개폐막작 - 폐막작', '1505091126.jpg', 120);

-- --------------------------------------------------------

--
-- 테이블 구조 `movielist`
--

CREATE TABLE `movielist` (
  `code` varchar(3) NOT NULL,
  `theaterCode` varchar(2) NOT NULL,
  `time` varchar(5) NOT NULL,
  `day` int(11) NOT NULL,
  `movieCode` varchar(3) NOT NULL
) ENGINE=InnoDB DEFAULT CHARSET=utf8;

--
-- 테이블의 덤프 데이터 `movielist`
--

INSERT INTO `movielist` (`code`, `theaterCode`, `time`, `day`, `movieCode`) VALUES
('001', '01', '19:00', 3, '001'),
('002', '01', '10:00', 4, '110'),
('003', '01', '13:00', 4, '055'),
('004', '01', '16:00', 4, '115'),
('005', '01', '19:00', 4, '196'),
('006', '02', '10:00', 4, '191'),
('007', '02', '13:00', 4, '126'),
('008', '02', '16:00', 4, '174'),
('009', '02', '19:00', 4, '133'),
('010', '03', '10:00', 4, '035'),
('011', '03', '13:00', 4, '143'),
('012', '03', '16:00', 4, '053'),
('013', '03', '19:00', 4, '066'),
('014', '04', '10:00', 4, '195'),
('015', '04', '13:00', 4, '085'),
('016', '04', '16:00', 4, '098'),
('017', '04', '19:00', 4, '045'),
('018', '05', '10:00', 4, '200'),
('019', '05', '13:00', 4, '129'),
('020', '05', '16:00', 4, '176'),
('021', '05', '19:00', 4, '130'),
('022', '06', '10:00', 4, '201'),
('023', '06', '13:00', 4, '138'),
('024', '06', '16:00', 4, '002'),
('025', '06', '19:00', 4, '095'),
('026', '07', '10:00', 4, '041'),
('027', '07', '13:00', 4, '105'),
('028', '07', '16:00', 4, '072'),
('029', '07', '19:00', 4, '205'),
('030', '08', '10:00', 4, '038'),
('031', '08', '13:00', 4, '146'),
('032', '08', '16:00', 4, '006'),
('033', '08', '19:00', 4, '021'),
('034', '09', '10:00', 4, '156'),
('035', '09', '13:00', 4, '162'),
('036', '09', '16:00', 4, '056'),
('037', '09', '19:00', 4, '014'),
('038', '10', '10:00', 4, '012'),
('039', '10', '13:00', 4, '103'),
('040', '10', '16:00', 4, '013'),
('041', '10', '19:00', 4, '092'),
('042', '11', '10:00', 4, '020'),
('043', '11', '13:00', 4, '167'),
('044', '11', '16:00', 4, '076'),
('045', '11', '19:00', 4, '087'),
('046', '12', '10:00', 4, '089'),
('047', '12', '13:00', 4, '078'),
('048', '12', '16:00', 4, '099'),
('049', '12', '19:00', 4, '088'),
('050', '13', '10:00', 4, '123'),
('051', '13', '13:00', 4, '155'),
('052', '13', '16:00', 4, '192'),
('053', '13', '19:00', 4, '080'),
('054', '14', '10:00', 4, '106'),
('055', '14', '13:00', 4, '134'),
('056', '14', '16:00', 4, '131'),
('057', '14', '19:00', 4, '142'),
('058', '15', '10:00', 4, '036'),
('059', '15', '13:00', 4, '168'),
('060', '15', '16:00', 4, '119'),
('061', '15', '19:00', 4, '102'),
('062', '16', '10:00', 4, '048'),
('063', '16', '13:00', 4, '034'),
('064', '16', '16:00', 4, '158'),
('065', '16', '19:00', 4, '104'),
('066', '17', '10:00', 4, '135'),
('067', '17', '13:00', 4, '125'),
('068', '17', '16:00', 4, '166'),
('069', '17', '19:00', 4, '114'),
('070', '18', '10:00', 4, '194'),
('071', '18', '13:00', 4, '188'),
('072', '18', '16:00', 4, '043'),
('073', '18', '19:00', 4, '160'),
('074', '19', '10:00', 4, '079'),
('075', '19', '13:00', 4, '164'),
('076', '19', '16:00', 4, '152'),
('077', '19', '19:00', 4, '082'),
('078', '20', '10:00', 4, '044'),
('079', '20', '13:00', 4, '060'),
('080', '20', '16:00', 4, '151'),
('081', '20', '19:00', 4, '051'),
('082', '01', '10:00', 5, '091'),
('083', '01', '13:00', 5, '008'),
('084', '01', '16:00', 5, '147'),
('085', '01', '19:00', 5, '148'),
('086', '02', '10:00', 5, '067'),
('087', '02', '13:00', 5, '207'),
('088', '02', '16:00', 5, '042'),
('089', '02', '19:00', 5, '016'),
('090', '03', '10:00', 5, '010'),
('091', '03', '13:00', 5, '061'),
('092', '03', '16:00', 5, '063'),
('093', '03', '19:00', 5, '184'),
('094', '04', '10:00', 5, '111'),
('095', '04', '13:00', 5, '202'),
('096', '04', '16:00', 5, '062'),
('097', '04', '19:00', 5, '052'),
('098', '05', '10:00', 5, '122'),
('099', '05', '13:00', 5, '120'),
('100', '05', '16:00', 5, '193'),
('101', '05', '19:00', 5, '027'),
('102', '06', '10:00', 5, '005'),
('103', '06', '13:00', 5, '024'),
('104', '06', '16:00', 5, '068'),
('105', '06', '19:00', 5, '204'),
('106', '07', '10:00', 5, '186'),
('107', '07', '13:00', 5, '017'),
('108', '07', '16:00', 5, '030'),
('109', '07', '19:00', 5, '075'),
('110', '08', '10:00', 5, '170'),
('111', '08', '13:00', 5, '037'),
('112', '08', '16:00', 5, '025'),
('113', '08', '19:00', 5, '183'),
('114', '09', '10:00', 5, '077'),
('115', '09', '13:00', 5, '137'),
('116', '09', '16:00', 5, '074'),
('117', '09', '19:00', 5, '175'),
('118', '10', '10:00', 5, '112'),
('119', '10', '13:00', 5, '161'),
('120', '10', '16:00', 5, '117'),
('121', '10', '19:00', 5, '039'),
('122', '11', '10:00', 5, '127'),
('123', '11', '13:00', 5, '198'),
('124', '11', '16:00', 5, '083'),
('125', '11', '19:00', 5, '139'),
('126', '12', '10:00', 5, '018'),
('127', '12', '13:00', 5, '189'),
('128', '12', '16:00', 5, '150'),
('129', '12', '19:00', 5, '064'),
('130', '13', '10:00', 5, '011'),
('131', '13', '13:00', 5, '065'),
('132', '13', '16:00', 5, '049'),
('133', '13', '19:00', 5, '132'),
('134', '14', '10:00', 5, '057'),
('135', '14', '13:00', 5, '181'),
('136', '14', '16:00', 5, '058'),
('137', '14', '19:00', 5, '071'),
('138', '15', '10:00', 5, '182'),
('139', '15', '13:00', 5, '069'),
('140', '15', '16:00', 5, '094'),
('141', '15', '19:00', 5, '090'),
('142', '16', '10:00', 5, '096'),
('143', '16', '13:00', 5, '118'),
('144', '16', '16:00', 5, '100'),
('145', '16', '19:00', 5, '206'),
('146', '17', '10:00', 5, '173'),
('147', '17', '13:00', 5, '022'),
('148', '17', '16:00', 5, '003'),
('149', '17', '19:00', 5, '046'),
('150', '18', '10:00', 5, '009'),
('151', '18', '13:00', 5, '107'),
('152', '18', '16:00', 5, '179'),
('153', '18', '19:00', 5, '108'),
('154', '19', '10:00', 5, '203'),
('155', '19', '13:00', 5, '081'),
('156', '19', '16:00', 5, '124'),
('157', '19', '19:00', 5, '028'),
('158', '20', '10:00', 5, '050'),
('159', '20', '13:00', 5, '180'),
('160', '20', '16:00', 5, '026'),
('161', '20', '19:00', 5, '101'),
('162', '01', '10:00', 6, '209'),
('163', '01', '13:00', 6, '185'),
('164', '01', '16:00', 6, '047'),
('165', '01', '19:00', 6, '145'),
('166', '02', '10:00', 6, '004'),
('167', '02', '13:00', 6, '163'),
('168', '02', '16:00', 6, '109'),
('169', '02', '19:00', 6, '032'),
('170', '03', '10:00', 6, '128'),
('171', '03', '13:00', 6, '140'),
('172', '03', '16:00', 6, '086'),
('173', '03', '19:00', 6, '197'),
('174', '04', '10:00', 6, '023'),
('175', '04', '13:00', 6, '015'),
('176', '04', '16:00', 6, '157'),
('177', '04', '19:00', 6, '187'),
('178', '05', '10:00', 6, '084'),
('179', '05', '13:00', 6, '141'),
('180', '05', '16:00', 6, '033'),
('181', '05', '19:00', 6, '154'),
('182', '06', '10:00', 6, '019'),
('183', '06', '13:00', 6, '144'),
('184', '06', '16:00', 6, '007'),
('185', '06', '19:00', 6, '054'),
('186', '07', '10:00', 6, '171'),
('187', '07', '13:00', 6, '073'),
('188', '07', '16:00', 6, '040'),
('189', '07', '19:00', 6, '113'),
('190', '08', '10:00', 6, '208'),
('191', '08', '13:00', 6, '029'),
('192', '08', '16:00', 6, '093'),
('193', '08', '19:00', 6, '169'),
('194', '09', '10:00', 6, '177'),
('195', '09', '13:00', 6, '097'),
('196', '09', '16:00', 6, '153'),
('197', '09', '19:00', 6, '178'),
('198', '10', '10:00', 6, '031'),
('199', '10', '13:00', 6, '199'),
('200', '10', '16:00', 6, '070'),
('201', '10', '19:00', 6, '121'),
('202', '11', '10:00', 6, '149'),
('203', '11', '13:00', 6, '136'),
('204', '11', '16:00', 6, '159'),
('205', '11', '19:00', 6, '165'),
('206', '12', '10:00', 6, '172'),
('207', '12', '13:00', 6, '190'),
('208', '12', '16:00', 6, '116'),
('209', '12', '19:00', 6, '059'),
('210', '13', '10:00', 6, '110'),
('211', '13', '13:00', 6, '055'),
('212', '13', '16:00', 6, '115'),
('213', '13', '19:00', 6, '196'),
('214', '14', '10:00', 6, '191'),
('215', '14', '13:00', 6, '126'),
('216', '14', '16:00', 6, '174'),
('217', '14', '19:00', 6, '133'),
('218', '15', '10:00', 6, '035'),
('219', '15', '13:00', 6, '143'),
('220', '15', '16:00', 6, '053'),
('221', '15', '19:00', 6, '066'),
('222', '16', '10:00', 6, '195'),
('223', '16', '13:00', 6, '085'),
('224', '16', '16:00', 6, '098'),
('225', '16', '19:00', 6, '045'),
('226', '17', '10:00', 6, '200'),
('227', '17', '13:00', 6, '129'),
('228', '17', '16:00', 6, '176'),
('229', '17', '19:00', 6, '130'),
('230', '18', '10:00', 6, '205'),
('231', '18', '13:00', 6, '138'),
('232', '18', '16:00', 6, '002'),
('233', '18', '19:00', 6, '201'),
('234', '19', '10:00', 6, '041'),
('235', '19', '13:00', 6, '105'),
('236', '19', '16:00', 6, '072'),
('237', '19', '19:00', 6, '095'),
('238', '20', '10:00', 6, '038'),
('239', '20', '13:00', 6, '146'),
('240', '20', '16:00', 6, '006'),
('241', '20', '19:00', 6, '021'),
('242', '01', '10:00', 7, '156'),
('243', '01', '13:00', 7, '162'),
('244', '01', '16:00', 7, '056'),
('245', '01', '19:00', 7, '014'),
('246', '02', '10:00', 7, '012'),
('247', '02', '13:00', 7, '103'),
('248', '02', '16:00', 7, '013'),
('249', '02', '19:00', 7, '092'),
('250', '03', '10:00', 7, '020'),
('251', '03', '13:00', 7, '167'),
('252', '03', '16:00', 7, '076'),
('253', '03', '19:00', 7, '087'),
('254', '04', '10:00', 7, '089'),
('255', '04', '13:00', 7, '078'),
('256', '04', '16:00', 7, '099'),
('257', '04', '19:00', 7, '088'),
('258', '05', '10:00', 7, '123'),
('259', '05', '13:00', 7, '155'),
('260', '05', '16:00', 7, '192'),
('261', '05', '19:00', 7, '080'),
('262', '06', '10:00', 7, '106'),
('263', '06', '13:00', 7, '134'),
('264', '06', '16:00', 7, '131'),
('265', '06', '19:00', 7, '142'),
('266', '07', '10:00', 7, '036'),
('267', '07', '13:00', 7, '168'),
('268', '07', '16:00', 7, '119'),
('269', '07', '19:00', 7, '102'),
('270', '08', '10:00', 7, '048'),
('271', '08', '13:00', 7, '034'),
('272', '08', '16:00', 7, '158'),
('273', '08', '19:00', 7, '104'),
('274', '09', '10:00', 7, '135'),
('275', '09', '13:00', 7, '125'),
('276', '09', '16:00', 7, '166'),
('277', '09', '19:00', 7, '114'),
('278', '10', '10:00', 7, '194'),
('279', '10', '13:00', 7, '188'),
('280', '10', '16:00', 7, '043'),
('281', '10', '19:00', 7, '160'),
('282', '11', '10:00', 7, '079'),
('283', '11', '13:00', 7, '164'),
('284', '11', '16:00', 7, '152'),
('285', '11', '19:00', 7, '082'),
('286', '12', '10:00', 7, '044'),
('287', '12', '13:00', 7, '060'),
('288', '12', '16:00', 7, '151'),
('289', '12', '19:00', 7, '051'),
('290', '13', '10:00', 7, '091'),
('291', '13', '13:00', 7, '008'),
('292', '13', '16:00', 7, '147'),
('293', '13', '19:00', 7, '148'),
('294', '14', '10:00', 7, '067'),
('295', '14', '13:00', 7, '207'),
('296', '14', '16:00', 7, '042'),
('297', '14', '19:00', 7, '016'),
('298', '15', '10:00', 7, '010'),
('299', '15', '13:00', 7, '061'),
('300', '15', '16:00', 7, '063'),
('301', '15', '19:00', 7, '184'),
('302', '16', '10:00', 7, '111'),
('303', '16', '13:00', 7, '202'),
('304', '16', '16:00', 7, '062'),
('305', '16', '19:00', 7, '052'),
('306', '17', '10:00', 7, '122'),
('307', '17', '13:00', 7, '120'),
('308', '17', '16:00', 7, '193'),
('309', '17', '19:00', 7, '027'),
('310', '18', '10:00', 7, '005'),
('311', '18', '13:00', 7, '024'),
('312', '18', '16:00', 7, '068'),
('313', '18', '19:00', 7, '204'),
('314', '19', '10:00', 7, '186'),
('315', '19', '13:00', 7, '017'),
('316', '19', '16:00', 7, '030'),
('317', '19', '19:00', 7, '075'),
('318', '20', '10:00', 7, '170'),
('319', '20', '13:00', 7, '037'),
('320', '20', '16:00', 7, '025'),
('321', '20', '19:00', 7, '183'),
('322', '01', '10:00', 8, '077'),
('323', '01', '13:00', 8, '137'),
('324', '01', '16:00', 8, '074'),
('325', '01', '19:00', 8, '175'),
('326', '02', '10:00', 8, '112'),
('327', '02', '13:00', 8, '161'),
('328', '02', '16:00', 8, '117'),
('329', '02', '19:00', 8, '039'),
('330', '03', '10:00', 8, '127'),
('331', '03', '13:00', 8, '198'),
('332', '03', '16:00', 8, '083'),
('333', '03', '19:00', 8, '139'),
('334', '04', '10:00', 8, '018'),
('335', '04', '13:00', 8, '189'),
('336', '04', '16:00', 8, '150'),
('337', '04', '19:00', 8, '064'),
('338', '05', '10:00', 8, '011'),
('339', '05', '13:00', 8, '065'),
('340', '05', '16:00', 8, '049'),
('341', '05', '19:00', 8, '132'),
('342', '06', '10:00', 8, '057'),
('343', '06', '13:00', 8, '181'),
('344', '06', '16:00', 8, '058'),
('345', '06', '19:00', 8, '071'),
('346', '07', '10:00', 8, '182'),
('347', '07', '13:00', 8, '069'),
('348', '07', '16:00', 8, '094'),
('349', '07', '19:00', 8, '090'),
('350', '08', '10:00', 8, '096'),
('351', '08', '13:00', 8, '118'),
('352', '08', '16:00', 8, '100'),
('353', '08', '19:00', 8, '206'),
('354', '09', '10:00', 8, '173'),
('355', '09', '13:00', 8, '022'),
('356', '09', '16:00', 8, '003'),
('357', '09', '19:00', 8, '046'),
('358', '10', '10:00', 8, '009'),
('359', '10', '13:00', 8, '107'),
('360', '10', '16:00', 8, '179'),
('361', '10', '19:00', 8, '108'),
('362', '11', '10:00', 8, '203'),
('363', '11', '13:00', 8, '081'),
('364', '11', '16:00', 8, '124'),
('365', '11', '19:00', 8, '028'),
('366', '12', '10:00', 8, '050'),
('367', '12', '13:00', 8, '180'),
('368', '12', '16:00', 8, '026'),
('369', '12', '19:00', 8, '101'),
('370', '13', '10:00', 8, '209'),
('371', '13', '13:00', 8, '185'),
('372', '13', '16:00', 8, '047'),
('373', '13', '19:00', 8, '145'),
('374', '14', '10:00', 8, '004'),
('375', '14', '13:00', 8, '163'),
('376', '14', '16:00', 8, '109'),
('377', '14', '19:00', 8, '032'),
('378', '15', '10:00', 8, '128'),
('379', '15', '13:00', 8, '140'),
('380', '15', '16:00', 8, '086'),
('381', '15', '19:00', 8, '197'),
('382', '16', '10:00', 8, '023'),
('383', '16', '13:00', 8, '015'),
('384', '16', '16:00', 8, '157'),
('385', '16', '19:00', 8, '187'),
('386', '17', '10:00', 8, '084'),
('387', '17', '13:00', 8, '141'),
('388', '17', '16:00', 8, '033'),
('389', '17', '19:00', 8, '154'),
('390', '18', '10:00', 8, '019'),
('391', '18', '13:00', 8, '144'),
('392', '18', '16:00', 8, '007'),
('393', '18', '19:00', 8, '054'),
('394', '19', '10:00', 8, '171'),
('395', '19', '13:00', 8, '073'),
('396', '19', '16:00', 8, '040'),
('397', '19', '19:00', 8, '113'),
('398', '20', '10:00', 8, '208'),
('399', '20', '13:00', 8, '029'),
('400', '20', '16:00', 8, '093'),
('401', '20', '19:00', 8, '169'),
('402', '01', '10:00', 9, '177'),
('403', '01', '13:00', 9, '097'),
('404', '01', '16:00', 9, '153'),
('405', '01', '19:00', 9, '178'),
('406', '02', '10:00', 9, '031'),
('407', '02', '13:00', 9, '199'),
('408', '02', '16:00', 9, '070'),
('409', '02', '19:00', 9, '121'),
('410', '03', '10:00', 9, '149'),
('411', '03', '13:00', 9, '136'),
('412', '03', '16:00', 9, '159'),
('413', '03', '19:00', 9, '165'),
('414', '04', '10:00', 9, '172'),
('415', '04', '13:00', 9, '190'),
('416', '04', '16:00', 9, '116'),
('417', '04', '19:00', 9, '059'),
('418', '05', '10:00', 9, '110'),
('419', '05', '13:00', 9, '055'),
('420', '05', '16:00', 9, '115'),
('421', '05', '19:00', 9, '196'),
('422', '06', '10:00', 9, '191'),
('423', '06', '13:00', 9, '126'),
('424', '06', '16:00', 9, '174'),
('425', '06', '19:00', 9, '133'),
('426', '07', '10:00', 9, '035'),
('427', '07', '13:00', 9, '143'),
('428', '07', '16:00', 9, '053'),
('429', '07', '19:00', 9, '066'),
('430', '08', '10:00', 9, '195'),
('431', '08', '13:00', 9, '085'),
('432', '08', '16:00', 9, '098'),
('433', '08', '19:00', 9, '045'),
('434', '09', '10:00', 9, '200'),
('435', '09', '13:00', 9, '129'),
('436', '09', '16:00', 9, '176'),
('437', '09', '19:00', 9, '130'),
('438', '10', '10:00', 9, '205'),
('439', '10', '13:00', 9, '138'),
('440', '10', '16:00', 9, '002'),
('441', '10', '19:00', 9, '201'),
('442', '11', '10:00', 9, '041'),
('443', '11', '13:00', 9, '105'),
('444', '11', '16:00', 9, '072'),
('445', '11', '19:00', 9, '095'),
('446', '12', '10:00', 9, '038'),
('447', '12', '13:00', 9, '146'),
('448', '12', '16:00', 9, '006'),
('449', '12', '19:00', 9, '021'),
('450', '13', '10:00', 9, '156'),
('451', '13', '13:00', 9, '162'),
('452', '13', '16:00', 9, '056'),
('453', '13', '19:00', 9, '014'),
('454', '14', '10:00', 9, '012'),
('455', '14', '13:00', 9, '103'),
('456', '14', '16:00', 9, '013'),
('457', '14', '19:00', 9, '092'),
('458', '15', '10:00', 9, '020'),
('459', '15', '13:00', 9, '167'),
('460', '15', '16:00', 9, '076'),
('461', '15', '19:00', 9, '087'),
('462', '16', '10:00', 9, '089'),
('463', '16', '13:00', 9, '078'),
('464', '16', '16:00', 9, '099'),
('465', '16', '19:00', 9, '088'),
('466', '17', '10:00', 9, '123'),
('467', '17', '13:00', 9, '155'),
('468', '17', '16:00', 9, '192'),
('469', '17', '19:00', 9, '080'),
('470', '18', '10:00', 9, '106'),
('471', '18', '13:00', 9, '134'),
('472', '18', '16:00', 9, '131'),
('473', '18', '19:00', 9, '142'),
('474', '19', '10:00', 9, '036'),
('475', '19', '13:00', 9, '168'),
('476', '19', '16:00', 9, '119'),
('477', '19', '19:00', 9, '102'),
('478', '20', '10:00', 9, '048'),
('479', '20', '13:00', 9, '034'),
('480', '20', '16:00', 9, '158'),
('481', '20', '19:00', 9, '104'),
('482', '01', '10:00', 10, '135'),
('483', '01', '13:00', 10, '125'),
('484', '01', '16:00', 10, '166'),
('485', '01', '19:00', 10, '114'),
('486', '02', '10:00', 10, '194'),
('487', '02', '13:00', 10, '188'),
('488', '02', '16:00', 10, '043'),
('489', '02', '19:00', 10, '160'),
('490', '03', '10:00', 10, '079'),
('491', '03', '13:00', 10, '164'),
('492', '03', '16:00', 10, '152'),
('493', '03', '19:00', 10, '082'),
('494', '04', '10:00', 10, '044'),
('495', '04', '13:00', 10, '060'),
('496', '04', '16:00', 10, '151'),
('497', '04', '19:00', 10, '051'),
('498', '05', '10:00', 10, '091'),
('499', '05', '13:00', 10, '008'),
('500', '05', '16:00', 10, '147'),
('501', '05', '19:00', 10, '148'),
('502', '06', '10:00', 10, '067'),
('503', '06', '13:00', 10, '207'),
('504', '06', '16:00', 10, '042'),
('505', '06', '19:00', 10, '016'),
('506', '07', '10:00', 10, '010'),
('507', '07', '13:00', 10, '061'),
('508', '07', '16:00', 10, '063'),
('509', '07', '19:00', 10, '184'),
('510', '08', '10:00', 10, '111'),
('511', '08', '13:00', 10, '202'),
('512', '08', '16:00', 10, '062'),
('513', '08', '19:00', 10, '052'),
('514', '09', '10:00', 10, '122'),
('515', '09', '13:00', 10, '120'),
('516', '09', '16:00', 10, '193'),
('517', '09', '19:00', 10, '027'),
('518', '10', '10:00', 10, '005'),
('519', '10', '13:00', 10, '024'),
('520', '10', '16:00', 10, '068'),
('521', '10', '19:00', 10, '204'),
('522', '11', '10:00', 10, '186'),
('523', '11', '13:00', 10, '017'),
('524', '11', '16:00', 10, '030'),
('525', '11', '19:00', 10, '075'),
('526', '12', '10:00', 10, '170'),
('527', '12', '13:00', 10, '037'),
('528', '12', '16:00', 10, '025'),
('529', '12', '19:00', 10, '183'),
('530', '13', '10:00', 10, '077'),
('531', '13', '13:00', 10, '137'),
('532', '13', '16:00', 10, '074'),
('533', '13', '19:00', 10, '175'),
('534', '14', '10:00', 10, '112'),
('535', '14', '13:00', 10, '161'),
('536', '14', '16:00', 10, '117'),
('537', '14', '19:00', 10, '039'),
('538', '15', '10:00', 10, '127'),
('539', '15', '13:00', 10, '198'),
('540', '15', '16:00', 10, '083'),
('541', '15', '19:00', 10, '139'),
('542', '16', '10:00', 10, '018'),
('543', '16', '13:00', 10, '189'),
('544', '16', '16:00', 10, '150'),
('545', '16', '19:00', 10, '064'),
('546', '17', '10:00', 10, '011'),
('547', '17', '13:00', 10, '065'),
('548', '17', '16:00', 10, '049'),
('549', '17', '19:00', 10, '132'),
('550', '18', '10:00', 10, '057'),
('551', '18', '13:00', 10, '181'),
('552', '18', '16:00', 10, '058'),
('553', '18', '19:00', 10, '071'),
('554', '19', '10:00', 10, '182'),
('555', '19', '13:00', 10, '069'),
('556', '19', '16:00', 10, '094'),
('557', '19', '19:00', 10, '090'),
('558', '20', '10:00', 10, '096'),
('559', '20', '13:00', 10, '118'),
('560', '20', '16:00', 10, '100'),
('561', '20', '19:00', 10, '206'),
('562', '01', '10:00', 11, '173'),
('563', '01', '13:00', 11, '022'),
('564', '01', '16:00', 11, '003'),
('565', '01', '19:00', 11, '046'),
('566', '02', '10:00', 11, '009'),
('567', '02', '13:00', 11, '107'),
('568', '02', '16:00', 11, '179'),
('569', '02', '19:00', 11, '108'),
('570', '03', '10:00', 11, '203'),
('571', '03', '13:00', 11, '081'),
('572', '03', '16:00', 11, '124'),
('573', '03', '19:00', 11, '028'),
('574', '04', '10:00', 11, '050'),
('575', '04', '13:00', 11, '180'),
('576', '04', '16:00', 11, '026'),
('577', '04', '19:00', 11, '101'),
('578', '05', '10:00', 11, '209'),
('579', '05', '13:00', 11, '185'),
('580', '05', '16:00', 11, '047'),
('581', '05', '19:00', 11, '145'),
('582', '06', '10:00', 11, '004'),
('583', '06', '13:00', 11, '163'),
('584', '06', '16:00', 11, '109'),
('585', '06', '19:00', 11, '032'),
('586', '07', '10:00', 11, '128'),
('587', '07', '13:00', 11, '140'),
('588', '07', '16:00', 11, '086'),
('589', '07', '19:00', 11, '197'),
('590', '08', '10:00', 11, '023'),
('591', '08', '13:00', 11, '015'),
('592', '08', '16:00', 11, '157'),
('593', '08', '19:00', 11, '187'),
('594', '09', '10:00', 11, '084'),
('595', '09', '13:00', 11, '141'),
('596', '09', '16:00', 11, '033'),
('597', '09', '19:00', 11, '154'),
('598', '10', '10:00', 11, '019'),
('599', '10', '13:00', 11, '144'),
('600', '10', '16:00', 11, '007'),
('601', '10', '19:00', 11, '054'),
('602', '11', '10:00', 11, '171'),
('603', '11', '13:00', 11, '073'),
('604', '11', '16:00', 11, '040'),
('605', '11', '19:00', 11, '113'),
('606', '12', '10:00', 11, '208'),
('607', '12', '13:00', 11, '029'),
('608', '12', '16:00', 11, '093'),
('609', '12', '19:00', 11, '169'),
('610', '13', '10:00', 11, '177'),
('611', '13', '13:00', 11, '097'),
('612', '13', '16:00', 11, '153'),
('613', '13', '19:00', 11, '178'),
('614', '14', '10:00', 11, '031'),
('615', '14', '13:00', 11, '199'),
('616', '14', '16:00', 11, '070'),
('617', '14', '19:00', 11, '121'),
('618', '15', '10:00', 11, '149'),
('619', '15', '13:00', 11, '136'),
('620', '15', '16:00', 11, '159'),
('621', '15', '19:00', 11, '165'),
('622', '16', '10:00', 11, '172'),
('623', '16', '13:00', 11, '190'),
('624', '16', '16:00', 11, '116'),
('625', '16', '19:00', 11, '059'),
('626', '17', '10:00', 11, '110'),
('627', '17', '13:00', 11, '055'),
('628', '17', '16:00', 11, '115'),
('629', '17', '19:00', 11, '196'),
('630', '18', '10:00', 11, '191'),
('631', '18', '13:00', 11, '126'),
('632', '18', '16:00', 11, '174'),
('633', '18', '19:00', 11, '133'),
('634', '19', '10:00', 11, '035'),
('635', '19', '13:00', 11, '143'),
('636', '19', '16:00', 11, '053'),
('637', '19', '19:00', 11, '066'),
('638', '20', '10:00', 11, '195'),
('639', '20', '13:00', 11, '085'),
('640', '20', '16:00', 11, '098'),
('641', '20', '19:00', 11, '045'),
('642', '01', '19:00', 12, '210');

-- --------------------------------------------------------

--
-- 테이블 구조 `theater`
--

CREATE TABLE `theater` (
  `code` varchar(2) NOT NULL,
  `name` varchar(255) NOT NULL
) ENGINE=InnoDB DEFAULT CHARSET=utf8;

--
-- 테이블의 덤프 데이터 `theater`
--

INSERT INTO `theater` (`code`, `name`) VALUES
('01', '영화의전당 야외극장'),
('02', '영화의전당 하늘연극장'),
('03', '영화의전당 중극장'),
('04', '영화의전당 소극장'),
('05', '영화의전당 시네마테크'),
('06', 'CGV 1관'),
('07', 'CGV 2관'),
('08', 'CGV 3관'),
('09', 'CGV 4관'),
('10', 'CGV 5관'),
('11', '롯데시네마 1관'),
('12', '롯데시네마 2관'),
('13', '롯데시네마 3관'),
('14', '롯데시네마 4관'),
('15', '소향씨어터 신한카드홀'),
('16', '메가박스 1관'),
('17', '메가박스 2관'),
('18', '메가박스 3관'),
('19', '메가박스 4관'),
('20', '메가박스 5관');

--
-- 덤프된 테이블의 인덱스
--

--
-- 테이블의 인덱스 `comment`
--
ALTER TABLE `comment`
  ADD PRIMARY KEY (`idx`);

--
-- 테이블의 인덱스 `member`
--
ALTER TABLE `member`
  ADD PRIMARY KEY (`idx`);

--
-- 덤프된 테이블의 AUTO_INCREMENT
--

--
-- 테이블의 AUTO_INCREMENT `comment`
--
ALTER TABLE `comment`
  MODIFY `idx` int(11) NOT NULL AUTO_INCREMENT, AUTO_INCREMENT=4;

--
-- 테이블의 AUTO_INCREMENT `member`
--
ALTER TABLE `member`
  MODIFY `idx` int(11) NOT NULL AUTO_INCREMENT, AUTO_INCREMENT=2;
COMMIT;

/*!40101 SET CHARACTER_SET_CLIENT=@OLD_CHARACTER_SET_CLIENT */;
/*!40101 SET CHARACTER_SET_RESULTS=@OLD_CHARACTER_SET_RESULTS */;
/*!40101 SET COLLATION_CONNECTION=@OLD_COLLATION_CONNECTION */;
